condition,site,site_total_escape_frac_epistasis_model,threshold,median,max,exceed_median,meet_exceed_median,frac_max,meet_frac_max,min_value,meet_min_value,strong_site,n_strong_sites
12C_d152_80,446,1.051,default,0.1038,2.998,1.038,True,0.2998,True,0,True,True,11
12C_d152_80,447,2.226,default,0.1038,2.998,1.038,True,0.2998,True,0,True,True,11
12C_d152_80,448,2.1069999999999998,default,0.1038,2.998,1.038,True,0.2998,True,0,True,True,11
12C_d152_80,449,2.872,default,0.1038,2.998,1.038,True,0.2998,True,0,True,True,11
12C_d152_80,452,2.5469999999999997,default,0.1038,2.998,1.038,True,0.2998,True,0,True,True,11
12C_d152_80,456,1.739,default,0.1038,2.998,1.038,True,0.2998,True,0,True,True,11
12C_d152_80,483,1.262,default,0.1038,2.998,1.038,True,0.2998,True,0,True,True,11
12C_d152_80,484,2.998,default,0.1038,2.998,1.038,True,0.2998,True,0,True,True,11
12C_d152_80,486,1.626,default,0.1038,2.998,1.038,True,0.2998,True,0,True,True,11
12C_d152_80,490,1.6119999999999999,default,0.1038,2.998,1.038,True,0.2998,True,0,True,True,11
12C_d152_80,494,1.7,default,0.1038,2.998,1.038,True,0.2998,True,0,True,True,11
12C_d61_160,448,0.9523,default,0.078095,1.5619999999999998,0.78095,True,0.1562,True,0,True,True,5
12C_d61_160,449,0.9865,default,0.078095,1.5619999999999998,0.78095,True,0.1562,True,0,True,True,5
12C_d61_160,456,1.16,default,0.078095,1.5619999999999998,0.78095,True,0.1562,True,0,True,True,5
12C_d61_160,484,1.5619999999999998,default,0.078095,1.5619999999999998,0.78095,True,0.1562,True,0,True,True,5
12C_d61_160,486,0.9217,default,0.078095,1.5619999999999998,0.78095,True,0.1562,True,0,True,True,5
13_d15_200,369,1.213,default,0.10275000000000001,1.4909999999999999,1.0275,True,0.14909999999999998,True,0,True,True,4
13_d15_200,383,1.222,default,0.10275000000000001,1.4909999999999999,1.0275,True,0.14909999999999998,True,0,True,True,4
13_d15_200,384,1.4909999999999999,default,0.10275000000000001,1.4909999999999999,1.0275,True,0.14909999999999998,True,0,True,True,4
13_d15_200,456,1.248,default,0.10275000000000001,1.4909999999999999,1.0275,True,0.14909999999999998,True,0,True,True,4
1C_d113_200,456,3.51,default,0.25195,3.51,2.5195,True,0.351,True,0,True,True,2
1C_d113_200,484,3.0189999999999997,default,0.25195,3.51,2.5195,True,0.351,True,0,True,True,2
1C_d26_200,456,3.4419999999999997,default,0.069615,3.4419999999999997,0.6961499999999999,True,0.3442,True,0,True,True,3
1C_d26_200,473,0.7039,default,0.069615,3.4419999999999997,0.6961499999999999,True,0.3442,True,0,True,True,3
1C_d26_200,484,2.064,default,0.069615,3.4419999999999997,0.6961499999999999,True,0.3442,True,0,True,True,3
22C_d104_200,456,3.73,default,0.009909999999999999,8.536,0.0991,True,0.8536,True,0,True,True,5
22C_d104_200,472,3.647,default,0.009909999999999999,8.536,0.0991,True,0.8536,True,0,True,True,5
22C_d104_200,473,1.075,default,0.009909999999999999,8.536,0.0991,True,0.8536,True,0,True,True,5
22C_d104_200,484,8.536,default,0.009909999999999999,8.536,0.0991,True,0.8536,True,0,True,True,5
22C_d104_200,490,1.236,default,0.009909999999999999,8.536,0.0991,True,0.8536,True,0,True,True,5
22C_d28_200,456,2.472,default,0.1883,5.081,1.883,True,0.5081000000000001,True,0,True,True,4
22C_d28_200,472,2.347,default,0.1883,5.081,1.883,True,0.5081000000000001,True,0,True,True,4
22C_d28_200,484,5.081,default,0.1883,5.081,1.883,True,0.5081000000000001,True,0,True,True,4
22C_d28_200,490,2.2159999999999997,default,0.1883,5.081,1.883,True,0.5081000000000001,True,0,True,True,4
23C_d102_80,446,1.2990000000000002,default,0.093765,7.33,0.93765,True,0.7330000000000001,True,0,True,True,16
23C_d102_80,447,3.2539999999999996,default,0.093765,7.33,0.93765,True,0.7330000000000001,True,0,True,True,16
23C_d102_80,448,1.536,default,0.093765,7.33,0.93765,True,0.7330000000000001,True,0,True,True,16
23C_d102_80,449,3.662,default,0.093765,7.33,0.93765,True,0.7330000000000001,True,0,True,True,16
23C_d102_80,450,0.992,default,0.093765,7.33,0.93765,True,0.7330000000000001,True,0,True,True,16
23C_d102_80,455,1.8719999999999999,default,0.093765,7.33,0.93765,True,0.7330000000000001,True,0,True,True,16
23C_d102_80,456,4.7589999999999995,default,0.093765,7.33,0.93765,True,0.7330000000000001,True,0,True,True,16
23C_d102_80,472,3.412,default,0.093765,7.33,0.93765,True,0.7330000000000001,True,0,True,True,16
23C_d102_80,473,2.818,default,0.093765,7.33,0.93765,True,0.7330000000000001,True,0,True,True,16
23C_d102_80,484,7.33,default,0.093765,7.33,0.93765,True,0.7330000000000001,True,0,True,True,16
23C_d102_80,485,2.948,default,0.093765,7.33,0.93765,True,0.7330000000000001,True,0,True,True,16
23C_d102_80,486,5.025,default,0.093765,7.33,0.93765,True,0.7330000000000001,True,0,True,True,16
23C_d102_80,489,1.055,default,0.093765,7.33,0.93765,True,0.7330000000000001,True,0,True,True,16
23C_d102_80,490,4.96,default,0.093765,7.33,0.93765,True,0.7330000000000001,True,0,True,True,16
23C_d102_80,494,1.1440000000000001,default,0.093765,7.33,0.93765,True,0.7330000000000001,True,0,True,True,16
23C_d102_80,496,1.926,default,0.093765,7.33,0.93765,True,0.7330000000000001,True,0,True,True,16
23C_d26_80,443,0.8888,default,0.084835,5.465,0.8483499999999999,True,0.5465,True,0,True,True,14
23C_d26_80,446,1.564,default,0.084835,5.465,0.8483499999999999,True,0.5465,True,0,True,True,14
23C_d26_80,447,3.181,default,0.084835,5.465,0.8483499999999999,True,0.5465,True,0,True,True,14
23C_d26_80,448,1.25,default,0.084835,5.465,0.8483499999999999,True,0.5465,True,0,True,True,14
23C_d26_80,455,1.672,default,0.084835,5.465,0.8483499999999999,True,0.5465,True,0,True,True,14
23C_d26_80,456,4.1,default,0.084835,5.465,0.8483499999999999,True,0.5465,True,0,True,True,14
23C_d26_80,472,3.2710000000000004,default,0.084835,5.465,0.8483499999999999,True,0.5465,True,0,True,True,14
23C_d26_80,473,2.958,default,0.084835,5.465,0.8483499999999999,True,0.5465,True,0,True,True,14
23C_d26_80,484,5.465,default,0.084835,5.465,0.8483499999999999,True,0.5465,True,0,True,True,14
23C_d26_80,485,2.696,default,0.084835,5.465,0.8483499999999999,True,0.5465,True,0,True,True,14
23C_d26_80,486,4.973,default,0.084835,5.465,0.8483499999999999,True,0.5465,True,0,True,True,14
23C_d26_80,490,3.884,default,0.084835,5.465,0.8483499999999999,True,0.5465,True,0,True,True,14
23C_d26_80,496,1.459,default,0.084835,5.465,0.8483499999999999,True,0.5465,True,0,True,True,14
23C_d26_80,499,0.987,default,0.084835,5.465,0.8483499999999999,True,0.5465,True,0,True,True,14
23_d21_1250,383,0.4238,default,0.037925,1.251,0.37925,True,0.1251,True,0,True,True,4
23_d21_1250,384,0.4533,default,0.037925,1.251,0.37925,True,0.1251,True,0,True,True,4
23_d21_1250,456,1.251,default,0.037925,1.251,0.37925,True,0.1251,True,0,True,True,4
23_d21_1250,484,0.5552,default,0.037925,1.251,0.37925,True,0.1251,True,0,True,True,4
23_d45_1250,456,2.285,default,0.14785,2.285,1.4785000000000001,True,0.22850000000000004,True,0,True,True,1
24C_d104_200,456,0.615,default,0.007756000000000001,0.7445,0.07756,True,0.07445,True,0,True,True,2
24C_d104_200,484,0.7445,default,0.007756000000000001,0.7445,0.07756,True,0.07445,True,0,True,True,2
24C_d32_200,456,0.3989,default,0.004091,1.935,0.04091,True,0.1935,True,0,True,True,2
24C_d32_200,484,1.935,default,0.004091,1.935,0.04091,True,0.1935,True,0,True,True,2
25C_d115_80,445,1.7530000000000001,default,0.1499,5.652,1.499,True,0.5652,True,0,True,True,10
25C_d115_80,446,2.07,default,0.1499,5.652,1.499,True,0.5652,True,0,True,True,10
25C_d115_80,447,2.7260000000000004,default,0.1499,5.652,1.499,True,0.5652,True,0,True,True,10
25C_d115_80,448,2.25,default,0.1499,5.652,1.499,True,0.5652,True,0,True,True,10
25C_d115_80,449,3.6630000000000003,default,0.1499,5.652,1.499,True,0.5652,True,0,True,True,10
25C_d115_80,450,2.064,default,0.1499,5.652,1.499,True,0.5652,True,0,True,True,10
25C_d115_80,452,2.716,default,0.1499,5.652,1.499,True,0.5652,True,0,True,True,10
25C_d115_80,456,5.652,default,0.1499,5.652,1.499,True,0.5652,True,0,True,True,10
25C_d115_80,484,4.977,default,0.1499,5.652,1.499,True,0.5652,True,0,True,True,10
25C_d115_80,490,1.6540000000000001,default,0.1499,5.652,1.499,True,0.5652,True,0,True,True,10
25C_d48_200,449,0.8440000000000001,default,0.05845,4.742,0.5845,True,0.4742,True,0,True,True,7
25C_d48_200,450,0.5942,default,0.05845,4.742,0.5845,True,0.4742,True,0,True,True,7
25C_d48_200,456,4.742,default,0.05845,4.742,0.5845,True,0.4742,True,0,True,True,7
25C_d48_200,472,0.6593,default,0.05845,4.742,0.5845,True,0.4742,True,0,True,True,7
25C_d48_200,473,0.5914,default,0.05845,4.742,0.5845,True,0.4742,True,0,True,True,7
25C_d48_200,484,4.149,default,0.05845,4.742,0.5845,True,0.4742,True,0,True,True,7
25C_d48_200,485,0.6705,default,0.05845,4.742,0.5845,True,0.4742,True,0,True,True,7
25_d18_500,443,1.298,default,0.073295,5.417999999999999,0.73295,True,0.5418,True,0,True,True,11
25_d18_500,444,3.0660000000000003,default,0.073295,5.417999999999999,0.73295,True,0.5418,True,0,True,True,11
25_d18_500,445,3.0789999999999997,default,0.073295,5.417999999999999,0.73295,True,0.5418,True,0,True,True,11
25_d18_500,446,5.147,default,0.073295,5.417999999999999,0.73295,True,0.5418,True,0,True,True,11
25_d18_500,447,5.417999999999999,default,0.073295,5.417999999999999,0.73295,True,0.5418,True,0,True,True,11
25_d18_500,448,2.5639999999999996,default,0.073295,5.417999999999999,0.73295,True,0.5418,True,0,True,True,11
25_d18_500,449,2.802,default,0.073295,5.417999999999999,0.73295,True,0.5418,True,0,True,True,11
25_d18_500,450,2.021,default,0.073295,5.417999999999999,0.73295,True,0.5418,True,0,True,True,11
25_d18_500,456,2.1319999999999997,default,0.073295,5.417999999999999,0.73295,True,0.5418,True,0,True,True,11
25_d18_500,484,2.7910000000000004,default,0.073295,5.417999999999999,0.73295,True,0.5418,True,0,True,True,11
25_d18_500,499,2.9730000000000003,default,0.073295,5.417999999999999,0.73295,True,0.5418,True,0,True,True,11
6C_d33_500,456,1.432,default,0.061450000000000005,1.432,0.6145,True,0.1432,True,0,True,True,2
6C_d33_500,484,0.6148,default,0.061450000000000005,1.432,0.6145,True,0.1432,True,0,True,True,2
6C_d76_500,456,0.1029,default,0.008812500000000001,0.1029,0.08812500000000001,True,0.01029,True,0,True,True,1
7C_d103_200,456,0.8185,default,0.026765,0.8185,0.26765,True,0.08185,True,0,True,True,1
7C_d29_500,361,0.1778,default,0.013784999999999999,0.26,0.13784999999999997,True,0.026000000000000002,True,0,True,True,5
7C_d29_500,365,0.26,default,0.013784999999999999,0.26,0.13784999999999997,True,0.026000000000000002,True,0,True,True,5
7C_d29_500,369,0.1563,default,0.013784999999999999,0.26,0.13784999999999997,True,0.026000000000000002,True,0,True,True,5
7C_d29_500,396,0.1454,default,0.013784999999999999,0.26,0.13784999999999997,True,0.026000000000000002,True,0,True,True,5
7C_d29_500,456,0.2035,default,0.013784999999999999,0.26,0.13784999999999997,True,0.026000000000000002,True,0,True,True,5
CB6_400,405,2.347,default,0.045075000000000004,17.75,0.45075000000000004,True,1.7750000000000001,True,0,True,True,15
CB6_400,417,17.75,default,0.045075000000000004,17.75,0.45075000000000004,True,1.7750000000000001,True,0,True,True,15
CB6_400,420,7.7860000000000005,default,0.045075000000000004,17.75,0.45075000000000004,True,1.7750000000000001,True,0,True,True,15
CB6_400,421,1.946,default,0.045075000000000004,17.75,0.45075000000000004,True,1.7750000000000001,True,0,True,True,15
CB6_400,455,4.498,default,0.045075000000000004,17.75,0.45075000000000004,True,1.7750000000000001,True,0,True,True,15
CB6_400,456,8.737,default,0.045075000000000004,17.75,0.45075000000000004,True,1.7750000000000001,True,0,True,True,15
CB6_400,460,16.0,default,0.045075000000000004,17.75,0.45075000000000004,True,1.7750000000000001,True,0,True,True,15
CB6_400,472,3.883,default,0.045075000000000004,17.75,0.45075000000000004,True,1.7750000000000001,True,0,True,True,15
CB6_400,473,10.3,default,0.045075000000000004,17.75,0.45075000000000004,True,1.7750000000000001,True,0,True,True,15
CB6_400,475,10.32,default,0.045075000000000004,17.75,0.45075000000000004,True,1.7750000000000001,True,0,True,True,15
CB6_400,476,3.616,default,0.045075000000000004,17.75,0.45075000000000004,True,1.7750000000000001,True,0,True,True,15
CB6_400,486,4.601,default,0.045075000000000004,17.75,0.45075000000000004,True,1.7750000000000001,True,0,True,True,15
CB6_400,487,12.47,default,0.045075000000000004,17.75,0.45075000000000004,True,1.7750000000000001,True,0,True,True,15
CB6_400,489,6.791,default,0.045075000000000004,17.75,0.45075000000000004,True,1.7750000000000001,True,0,True,True,15
CB6_400,504,6.58,default,0.045075000000000004,17.75,0.45075000000000004,True,1.7750000000000001,True,0,True,True,15
COV2-2050_400,484,4.828,default,0.016395,4.828,0.16394999999999998,True,0.48280000000000006,True,0,True,True,3
COV2-2050_400,489,0.5929,default,0.016395,4.828,0.16394999999999998,True,0.48280000000000006,True,0,True,True,3
COV2-2050_400,490,1.082,default,0.016395,4.828,0.16394999999999998,True,0.48280000000000006,True,0,True,True,3
COV2-2082_400,376,1.272,default,0.03875,2.6919999999999997,0.3875,True,0.2692,True,0,True,True,4
COV2-2082_400,378,2.6919999999999997,default,0.03875,2.6919999999999997,0.3875,True,0.2692,True,0,True,True,4
COV2-2082_400,408,0.4147,default,0.03875,2.6919999999999997,0.3875,True,0.2692,True,0,True,True,4
COV2-2082_400,417,2.237,default,0.03875,2.6919999999999997,0.3875,True,0.2692,True,0,True,True,4
COV2-2094_400,376,0.6524,default,0.019104999999999997,2.4130000000000003,0.19104999999999997,True,0.24130000000000004,True,0,True,True,4
COV2-2094_400,378,2.4130000000000003,default,0.019104999999999997,2.4130000000000003,0.19104999999999997,True,0.24130000000000004,True,0,True,True,4
COV2-2094_400,408,0.2727,default,0.019104999999999997,2.4130000000000003,0.19104999999999997,True,0.24130000000000004,True,0,True,True,4
COV2-2094_400,417,0.5659,default,0.019104999999999997,2.4130000000000003,0.19104999999999997,True,0.24130000000000004,True,0,True,True,4
COV2-2096_400,446,0.8731,default,0.020275,4.245,0.20275,True,0.42450000000000004,True,0,True,True,9
COV2-2096_400,447,1.265,default,0.020275,4.245,0.20275,True,0.42450000000000004,True,0,True,True,9
COV2-2096_400,448,1.351,default,0.020275,4.245,0.20275,True,0.42450000000000004,True,0,True,True,9
COV2-2096_400,449,0.6289,default,0.020275,4.245,0.20275,True,0.42450000000000004,True,0,True,True,9
COV2-2096_400,450,2.0380000000000003,default,0.020275,4.245,0.20275,True,0.42450000000000004,True,0,True,True,9
COV2-2096_400,452,2.269,default,0.020275,4.245,0.20275,True,0.42450000000000004,True,0,True,True,9
COV2-2096_400,484,0.7701,default,0.020275,4.245,0.20275,True,0.42450000000000004,True,0,True,True,9
COV2-2096_400,490,4.245,default,0.020275,4.245,0.20275,True,0.42450000000000004,True,0,True,True,9
COV2-2096_400,494,0.4363,default,0.020275,4.245,0.20275,True,0.42450000000000004,True,0,True,True,9
COV2-2165_400,420,0.4989,default,0.02489,0.6072,0.24889999999999998,True,0.060719999999999996,True,0,True,True,3
COV2-2165_400,475,0.3063,default,0.02489,0.6072,0.24889999999999998,True,0.060719999999999996,True,0,True,True,3
COV2-2165_400,487,0.6072,default,0.02489,0.6072,0.24889999999999998,True,0.060719999999999996,True,0,True,True,3
COV2-2479_400,484,0.914,default,0.010041999999999999,0.914,0.10041999999999998,True,0.09140000000000001,True,0,True,True,3
COV2-2479_400,485,0.1964,default,0.010041999999999999,0.914,0.10041999999999998,True,0.09140000000000001,True,0,True,True,3
COV2-2479_400,490,0.5064,default,0.010041999999999999,0.914,0.10041999999999998,True,0.09140000000000001,True,0,True,True,3
COV2-2499_400,443,1.858,default,0.036699999999999997,7.4479999999999995,0.367,True,0.7448,True,0,True,True,9
COV2-2499_400,445,4.622,default,0.036699999999999997,7.4479999999999995,0.367,True,0.7448,True,0,True,True,9
COV2-2499_400,446,5.867999999999999,default,0.036699999999999997,7.4479999999999995,0.367,True,0.7448,True,0,True,True,9
COV2-2499_400,447,7.162000000000001,default,0.036699999999999997,7.4479999999999995,0.367,True,0.7448,True,0,True,True,9
COV2-2499_400,449,1.685,default,0.036699999999999997,7.4479999999999995,0.367,True,0.7448,True,0,True,True,9
COV2-2499_400,496,7.4479999999999995,default,0.036699999999999997,7.4479999999999995,0.367,True,0.7448,True,0,True,True,9
COV2-2499_400,498,6.077000000000001,default,0.036699999999999997,7.4479999999999995,0.367,True,0.7448,True,0,True,True,9
COV2-2499_400,499,1.569,default,0.036699999999999997,7.4479999999999995,0.367,True,0.7448,True,0,True,True,9
COV2-2499_400,500,4.708,default,0.036699999999999997,7.4479999999999995,0.367,True,0.7448,True,0,True,True,9
COV2-2677_400,369,0.7347,default,0.01739,2.552,0.1739,True,0.25520000000000004,True,0,True,True,6
COV2-2677_400,370,0.5515,default,0.01739,2.552,0.1739,True,0.25520000000000004,True,0,True,True,6
COV2-2677_400,372,0.5102,default,0.01739,2.552,0.1739,True,0.25520000000000004,True,0,True,True,6
COV2-2677_400,374,0.7827,default,0.01739,2.552,0.1739,True,0.25520000000000004,True,0,True,True,6
COV2-2677_400,378,2.552,default,0.01739,2.552,0.1739,True,0.25520000000000004,True,0,True,True,6
COV2-2677_400,384,2.451,default,0.01739,2.552,0.1739,True,0.25520000000000004,True,0,True,True,6
COV2-2832_400,475,0.3511,default,0.024855000000000002,2.875,0.24855000000000002,True,0.28750000000000003,True,0,True,True,4
COV2-2832_400,484,0.4976,default,0.024855000000000002,2.875,0.24855000000000002,True,0.28750000000000003,True,0,True,True,4
COV2-2832_400,486,2.875,default,0.024855000000000002,2.875,0.24855000000000002,True,0.28750000000000003,True,0,True,True,4
COV2-2832_400,487,1.484,default,0.024855000000000002,2.875,0.24855000000000002,True,0.28750000000000003,True,0,True,True,4
CR3022_400,366,0.6797,default,0.067355,1.524,0.67355,True,0.1524,True,0,True,True,5
CR3022_400,378,1.524,default,0.067355,1.524,0.67355,True,0.1524,True,0,True,True,5
CR3022_400,383,1.359,default,0.067355,1.524,0.67355,True,0.1524,True,0,True,True,5
CR3022_400,386,0.7436,default,0.067355,1.524,0.67355,True,0.1524,True,0,True,True,5
CR3022_400,392,0.8598,default,0.067355,1.524,0.67355,True,0.1524,True,0,True,True,5
REGN10933+REGN10987_400,406,0.9248,default,0.021695,0.9248,0.21694999999999998,True,0.09248,True,0,True,True,2
REGN10933+REGN10987_400,493,0.2968,default,0.021695,0.9248,0.21694999999999998,True,0.09248,True,0,True,True,2
REGN10933_400,417,4.584,default,0.04211,14.37,0.42110000000000003,True,1.437,True,0,True,True,10
REGN10933_400,453,4.1080000000000005,default,0.04211,14.37,0.42110000000000003,True,1.437,True,0,True,True,10
REGN10933_400,455,6.856,default,0.04211,14.37,0.42110000000000003,True,1.437,True,0,True,True,10
REGN10933_400,475,1.889,default,0.04211,14.37,0.42110000000000003,True,1.437,True,0,True,True,10
REGN10933_400,476,2.852,default,0.04211,14.37,0.42110000000000003,True,1.437,True,0,True,True,10
REGN10933_400,484,2.971,default,0.04211,14.37,0.42110000000000003,True,1.437,True,0,True,True,10
REGN10933_400,486,14.37,default,0.04211,14.37,0.42110000000000003,True,1.437,True,0,True,True,10
REGN10933_400,487,7.337999999999999,default,0.04211,14.37,0.42110000000000003,True,1.437,True,0,True,True,10
REGN10933_400,489,5.5360000000000005,default,0.04211,14.37,0.42110000000000003,True,1.437,True,0,True,True,10
REGN10933_400,493,5.052,default,0.04211,14.37,0.42110000000000003,True,1.437,True,0,True,True,10
REGN10987_400,439,2.166,default,0.032015,17.39,0.32015000000000005,True,1.739,True,0,True,True,10
REGN10987_400,440,6.606,default,0.032015,17.39,0.32015000000000005,True,1.739,True,0,True,True,10
REGN10987_400,443,2.092,default,0.032015,17.39,0.32015000000000005,True,1.739,True,0,True,True,10
REGN10987_400,444,17.39,default,0.032015,17.39,0.32015000000000005,True,1.739,True,0,True,True,10
REGN10987_400,445,16.44,default,0.032015,17.39,0.32015000000000005,True,1.739,True,0,True,True,10
REGN10987_400,446,17.17,default,0.032015,17.39,0.32015000000000005,True,1.739,True,0,True,True,10
REGN10987_400,447,12.19,default,0.032015,17.39,0.32015000000000005,True,1.739,True,0,True,True,10
REGN10987_400,448,7.059,default,0.032015,17.39,0.32015000000000005,True,1.739,True,0,True,True,10
REGN10987_400,450,1.901,default,0.032015,17.39,0.32015000000000005,True,1.739,True,0,True,True,10
REGN10987_400,499,8.117,default,0.032015,17.39,0.32015000000000005,True,1.739,True,0,True,True,10
12C_d152_80,446,1.051,sensitive,0.1038,2.998,0.519,True,0.1499,True,0,True,True,16
12C_d152_80,447,2.226,sensitive,0.1038,2.998,0.519,True,0.1499,True,0,True,True,16
12C_d152_80,448,2.1069999999999998,sensitive,0.1038,2.998,0.519,True,0.1499,True,0,True,True,16
12C_d152_80,449,2.872,sensitive,0.1038,2.998,0.519,True,0.1499,True,0,True,True,16
12C_d152_80,450,0.8017,sensitive,0.1038,2.998,0.519,True,0.1499,True,0,True,True,16
12C_d152_80,452,2.5469999999999997,sensitive,0.1038,2.998,0.519,True,0.1499,True,0,True,True,16
12C_d152_80,456,1.739,sensitive,0.1038,2.998,0.519,True,0.1499,True,0,True,True,16
12C_d152_80,470,0.6973,sensitive,0.1038,2.998,0.519,True,0.1499,True,0,True,True,16
12C_d152_80,483,1.262,sensitive,0.1038,2.998,0.519,True,0.1499,True,0,True,True,16
12C_d152_80,484,2.998,sensitive,0.1038,2.998,0.519,True,0.1499,True,0,True,True,16
12C_d152_80,486,1.626,sensitive,0.1038,2.998,0.519,True,0.1499,True,0,True,True,16
12C_d152_80,487,0.5894,sensitive,0.1038,2.998,0.519,True,0.1499,True,0,True,True,16
12C_d152_80,490,1.6119999999999999,sensitive,0.1038,2.998,0.519,True,0.1499,True,0,True,True,16
12C_d152_80,493,0.6664,sensitive,0.1038,2.998,0.519,True,0.1499,True,0,True,True,16
12C_d152_80,494,1.7,sensitive,0.1038,2.998,0.519,True,0.1499,True,0,True,True,16
12C_d152_80,499,0.6619,sensitive,0.1038,2.998,0.519,True,0.1499,True,0,True,True,16
12C_d61_160,365,0.4307,sensitive,0.078095,1.5619999999999998,0.390475,True,0.0781,True,0,True,True,14
12C_d61_160,443,0.4016,sensitive,0.078095,1.5619999999999998,0.390475,True,0.0781,True,0,True,True,14
12C_d61_160,446,0.7214,sensitive,0.078095,1.5619999999999998,0.390475,True,0.0781,True,0,True,True,14
12C_d61_160,447,0.7499,sensitive,0.078095,1.5619999999999998,0.390475,True,0.0781,True,0,True,True,14
12C_d61_160,448,0.9523,sensitive,0.078095,1.5619999999999998,0.390475,True,0.0781,True,0,True,True,14
12C_d61_160,449,0.9865,sensitive,0.078095,1.5619999999999998,0.390475,True,0.0781,True,0,True,True,14
12C_d61_160,450,0.4208,sensitive,0.078095,1.5619999999999998,0.390475,True,0.0781,True,0,True,True,14
12C_d61_160,452,0.7172,sensitive,0.078095,1.5619999999999998,0.390475,True,0.0781,True,0,True,True,14
12C_d61_160,456,1.16,sensitive,0.078095,1.5619999999999998,0.390475,True,0.0781,True,0,True,True,14
12C_d61_160,484,1.5619999999999998,sensitive,0.078095,1.5619999999999998,0.390475,True,0.0781,True,0,True,True,14
12C_d61_160,486,0.9217,sensitive,0.078095,1.5619999999999998,0.390475,True,0.0781,True,0,True,True,14
12C_d61_160,494,0.5711,sensitive,0.078095,1.5619999999999998,0.390475,True,0.0781,True,0,True,True,14
12C_d61_160,496,0.3972,sensitive,0.078095,1.5619999999999998,0.390475,True,0.0781,True,0,True,True,14
12C_d61_160,499,0.5231,sensitive,0.078095,1.5619999999999998,0.390475,True,0.0781,True,0,True,True,14
13_d15_200,361,0.7123,sensitive,0.10275000000000001,1.4909999999999999,0.51375,True,0.07454999999999999,True,0,True,True,12
13_d15_200,365,0.9109,sensitive,0.10275000000000001,1.4909999999999999,0.51375,True,0.07454999999999999,True,0,True,True,12
13_d15_200,366,0.6967,sensitive,0.10275000000000001,1.4909999999999999,0.51375,True,0.07454999999999999,True,0,True,True,12
13_d15_200,369,1.213,sensitive,0.10275000000000001,1.4909999999999999,0.51375,True,0.07454999999999999,True,0,True,True,12
13_d15_200,383,1.222,sensitive,0.10275000000000001,1.4909999999999999,0.51375,True,0.07454999999999999,True,0,True,True,12
13_d15_200,384,1.4909999999999999,sensitive,0.10275000000000001,1.4909999999999999,0.51375,True,0.07454999999999999,True,0,True,True,12
13_d15_200,385,0.9296,sensitive,0.10275000000000001,1.4909999999999999,0.51375,True,0.07454999999999999,True,0,True,True,12
13_d15_200,386,0.7413,sensitive,0.10275000000000001,1.4909999999999999,0.51375,True,0.07454999999999999,True,0,True,True,12
13_d15_200,390,0.638,sensitive,0.10275000000000001,1.4909999999999999,0.51375,True,0.07454999999999999,True,0,True,True,12
13_d15_200,391,0.6641,sensitive,0.10275000000000001,1.4909999999999999,0.51375,True,0.07454999999999999,True,0,True,True,12
13_d15_200,456,1.248,sensitive,0.10275000000000001,1.4909999999999999,0.51375,True,0.07454999999999999,True,0,True,True,12
13_d15_200,484,0.5454,sensitive,0.10275000000000001,1.4909999999999999,0.51375,True,0.07454999999999999,True,0,True,True,12
1C_d113_200,447,1.6909999999999998,sensitive,0.25195,3.51,1.25975,True,0.1755,True,0,True,True,7
1C_d113_200,449,1.317,sensitive,0.25195,3.51,1.25975,True,0.1755,True,0,True,True,7
1C_d113_200,452,1.505,sensitive,0.25195,3.51,1.25975,True,0.1755,True,0,True,True,7
1C_d113_200,456,3.51,sensitive,0.25195,3.51,1.25975,True,0.1755,True,0,True,True,7
1C_d113_200,484,3.0189999999999997,sensitive,0.25195,3.51,1.25975,True,0.1755,True,0,True,True,7
1C_d113_200,490,1.469,sensitive,0.25195,3.51,1.25975,True,0.1755,True,0,True,True,7
1C_d113_200,496,1.504,sensitive,0.25195,3.51,1.25975,True,0.1755,True,0,True,True,7
1C_d26_200,447,0.4647,sensitive,0.069615,3.4419999999999997,0.34807499999999997,True,0.1721,True,0,True,True,10
1C_d26_200,449,0.5983,sensitive,0.069615,3.4419999999999997,0.34807499999999997,True,0.1721,True,0,True,True,10
1C_d26_200,450,0.4642,sensitive,0.069615,3.4419999999999997,0.34807499999999997,True,0.1721,True,0,True,True,10
1C_d26_200,452,0.4314,sensitive,0.069615,3.4419999999999997,0.34807499999999997,True,0.1721,True,0,True,True,10
1C_d26_200,456,3.4419999999999997,sensitive,0.069615,3.4419999999999997,0.34807499999999997,True,0.1721,True,0,True,True,10
1C_d26_200,472,0.6073,sensitive,0.069615,3.4419999999999997,0.34807499999999997,True,0.1721,True,0,True,True,10
1C_d26_200,473,0.7039,sensitive,0.069615,3.4419999999999997,0.34807499999999997,True,0.1721,True,0,True,True,10
1C_d26_200,484,2.064,sensitive,0.069615,3.4419999999999997,0.34807499999999997,True,0.1721,True,0,True,True,10
1C_d26_200,485,0.431,sensitive,0.069615,3.4419999999999997,0.34807499999999997,True,0.1721,True,0,True,True,10
1C_d26_200,490,0.4984,sensitive,0.069615,3.4419999999999997,0.34807499999999997,True,0.1721,True,0,True,True,10
22C_d104_200,450,0.4863,sensitive,0.009909999999999999,8.536,0.04955,True,0.4268,True,0,True,True,9
22C_d104_200,456,3.73,sensitive,0.009909999999999999,8.536,0.04955,True,0.4268,True,0,True,True,9
22C_d104_200,472,3.647,sensitive,0.009909999999999999,8.536,0.04955,True,0.4268,True,0,True,True,9
22C_d104_200,473,1.075,sensitive,0.009909999999999999,8.536,0.04955,True,0.4268,True,0,True,True,9
22C_d104_200,484,8.536,sensitive,0.009909999999999999,8.536,0.04955,True,0.4268,True,0,True,True,9
22C_d104_200,485,0.7135,sensitive,0.009909999999999999,8.536,0.04955,True,0.4268,True,0,True,True,9
22C_d104_200,490,1.236,sensitive,0.009909999999999999,8.536,0.04955,True,0.4268,True,0,True,True,9
22C_d104_200,494,0.5447,sensitive,0.009909999999999999,8.536,0.04955,True,0.4268,True,0,True,True,9
22C_d104_200,503,0.5871,sensitive,0.009909999999999999,8.536,0.04955,True,0.4268,True,0,True,True,9
22C_d28_200,452,1.661,sensitive,0.1883,5.081,0.9415,True,0.25405000000000005,True,0,True,True,10
22C_d28_200,456,2.472,sensitive,0.1883,5.081,0.9415,True,0.25405000000000005,True,0,True,True,10
22C_d28_200,472,2.347,sensitive,0.1883,5.081,0.9415,True,0.25405000000000005,True,0,True,True,10
22C_d28_200,473,1.001,sensitive,0.1883,5.081,0.9415,True,0.25405000000000005,True,0,True,True,10
22C_d28_200,484,5.081,sensitive,0.1883,5.081,0.9415,True,0.25405000000000005,True,0,True,True,10
22C_d28_200,486,0.9501,sensitive,0.1883,5.081,0.9415,True,0.25405000000000005,True,0,True,True,10
22C_d28_200,490,2.2159999999999997,sensitive,0.1883,5.081,0.9415,True,0.25405000000000005,True,0,True,True,10
22C_d28_200,494,1.166,sensitive,0.1883,5.081,0.9415,True,0.25405000000000005,True,0,True,True,10
22C_d28_200,496,1.055,sensitive,0.1883,5.081,0.9415,True,0.25405000000000005,True,0,True,True,10
22C_d28_200,501,1.237,sensitive,0.1883,5.081,0.9415,True,0.25405000000000005,True,0,True,True,10
23C_d102_80,443,0.6789,sensitive,0.093765,7.33,0.468825,True,0.36650000000000005,True,0,True,True,25
23C_d102_80,444,0.5534,sensitive,0.093765,7.33,0.468825,True,0.36650000000000005,True,0,True,True,25
23C_d102_80,446,1.2990000000000002,sensitive,0.093765,7.33,0.468825,True,0.36650000000000005,True,0,True,True,25
23C_d102_80,447,3.2539999999999996,sensitive,0.093765,7.33,0.468825,True,0.36650000000000005,True,0,True,True,25
23C_d102_80,448,1.536,sensitive,0.093765,7.33,0.468825,True,0.36650000000000005,True,0,True,True,25
23C_d102_80,449,3.662,sensitive,0.093765,7.33,0.468825,True,0.36650000000000005,True,0,True,True,25
23C_d102_80,450,0.992,sensitive,0.093765,7.33,0.468825,True,0.36650000000000005,True,0,True,True,25
23C_d102_80,453,0.5154,sensitive,0.093765,7.33,0.468825,True,0.36650000000000005,True,0,True,True,25
23C_d102_80,455,1.8719999999999999,sensitive,0.093765,7.33,0.468825,True,0.36650000000000005,True,0,True,True,25
23C_d102_80,456,4.7589999999999995,sensitive,0.093765,7.33,0.468825,True,0.36650000000000005,True,0,True,True,25
23C_d102_80,472,3.412,sensitive,0.093765,7.33,0.468825,True,0.36650000000000005,True,0,True,True,25
23C_d102_80,473,2.818,sensitive,0.093765,7.33,0.468825,True,0.36650000000000005,True,0,True,True,25
23C_d102_80,475,0.5188,sensitive,0.093765,7.33,0.468825,True,0.36650000000000005,True,0,True,True,25
23C_d102_80,483,0.7111,sensitive,0.093765,7.33,0.468825,True,0.36650000000000005,True,0,True,True,25
23C_d102_80,484,7.33,sensitive,0.093765,7.33,0.468825,True,0.36650000000000005,True,0,True,True,25
23C_d102_80,485,2.948,sensitive,0.093765,7.33,0.468825,True,0.36650000000000005,True,0,True,True,25
23C_d102_80,486,5.025,sensitive,0.093765,7.33,0.468825,True,0.36650000000000005,True,0,True,True,25
23C_d102_80,489,1.055,sensitive,0.093765,7.33,0.468825,True,0.36650000000000005,True,0,True,True,25
23C_d102_80,490,4.96,sensitive,0.093765,7.33,0.468825,True,0.36650000000000005,True,0,True,True,25
23C_d102_80,493,0.8996,sensitive,0.093765,7.33,0.468825,True,0.36650000000000005,True,0,True,True,25
23C_d102_80,494,1.1440000000000001,sensitive,0.093765,7.33,0.468825,True,0.36650000000000005,True,0,True,True,25
23C_d102_80,496,1.926,sensitive,0.093765,7.33,0.468825,True,0.36650000000000005,True,0,True,True,25
23C_d102_80,498,0.6159,sensitive,0.093765,7.33,0.468825,True,0.36650000000000005,True,0,True,True,25
23C_d102_80,499,0.5833,sensitive,0.093765,7.33,0.468825,True,0.36650000000000005,True,0,True,True,25
23C_d102_80,503,0.4839,sensitive,0.093765,7.33,0.468825,True,0.36650000000000005,True,0,True,True,25
23C_d26_80,443,0.8888,sensitive,0.084835,5.465,0.42417499999999997,True,0.27325,True,0,True,True,26
23C_d26_80,444,0.5734,sensitive,0.084835,5.465,0.42417499999999997,True,0.27325,True,0,True,True,26
23C_d26_80,446,1.564,sensitive,0.084835,5.465,0.42417499999999997,True,0.27325,True,0,True,True,26
23C_d26_80,447,3.181,sensitive,0.084835,5.465,0.42417499999999997,True,0.27325,True,0,True,True,26
23C_d26_80,448,1.25,sensitive,0.084835,5.465,0.42417499999999997,True,0.27325,True,0,True,True,26
23C_d26_80,449,0.8122,sensitive,0.084835,5.465,0.42417499999999997,True,0.27325,True,0,True,True,26
23C_d26_80,450,0.8058,sensitive,0.084835,5.465,0.42417499999999997,True,0.27325,True,0,True,True,26
23C_d26_80,453,0.4554,sensitive,0.084835,5.465,0.42417499999999997,True,0.27325,True,0,True,True,26
23C_d26_80,455,1.672,sensitive,0.084835,5.465,0.42417499999999997,True,0.27325,True,0,True,True,26
23C_d26_80,456,4.1,sensitive,0.084835,5.465,0.42417499999999997,True,0.27325,True,0,True,True,26
23C_d26_80,472,3.2710000000000004,sensitive,0.084835,5.465,0.42417499999999997,True,0.27325,True,0,True,True,26
23C_d26_80,473,2.958,sensitive,0.084835,5.465,0.42417499999999997,True,0.27325,True,0,True,True,26
23C_d26_80,475,0.5877,sensitive,0.084835,5.465,0.42417499999999997,True,0.27325,True,0,True,True,26
23C_d26_80,482,0.5539999999999999,sensitive,0.084835,5.465,0.42417499999999997,True,0.27325,True,0,True,True,26
23C_d26_80,483,0.8094,sensitive,0.084835,5.465,0.42417499999999997,True,0.27325,True,0,True,True,26
23C_d26_80,484,5.465,sensitive,0.084835,5.465,0.42417499999999997,True,0.27325,True,0,True,True,26
23C_d26_80,485,2.696,sensitive,0.084835,5.465,0.42417499999999997,True,0.27325,True,0,True,True,26
23C_d26_80,486,4.973,sensitive,0.084835,5.465,0.42417499999999997,True,0.27325,True,0,True,True,26
23C_d26_80,489,0.7941,sensitive,0.084835,5.465,0.42417499999999997,True,0.27325,True,0,True,True,26
23C_d26_80,490,3.884,sensitive,0.084835,5.465,0.42417499999999997,True,0.27325,True,0,True,True,26
23C_d26_80,493,0.7926,sensitive,0.084835,5.465,0.42417499999999997,True,0.27325,True,0,True,True,26
23C_d26_80,494,0.6632,sensitive,0.084835,5.465,0.42417499999999997,True,0.27325,True,0,True,True,26
23C_d26_80,496,1.459,sensitive,0.084835,5.465,0.42417499999999997,True,0.27325,True,0,True,True,26
23C_d26_80,498,0.7186,sensitive,0.084835,5.465,0.42417499999999997,True,0.27325,True,0,True,True,26
23C_d26_80,499,0.987,sensitive,0.084835,5.465,0.42417499999999997,True,0.27325,True,0,True,True,26
23C_d26_80,503,0.4697,sensitive,0.084835,5.465,0.42417499999999997,True,0.27325,True,0,True,True,26
23_d120_500,417,2.78,sensitive,0.426,3.792,2.13,True,0.1896,True,0,True,True,5
23_d120_500,455,2.3040000000000003,sensitive,0.426,3.792,2.13,True,0.1896,True,0,True,True,5
23_d120_500,456,3.792,sensitive,0.426,3.792,2.13,True,0.1896,True,0,True,True,5
23_d120_500,484,3.042,sensitive,0.426,3.792,2.13,True,0.1896,True,0,True,True,5
23_d120_500,486,2.135,sensitive,0.426,3.792,2.13,True,0.1896,True,0,True,True,5
23_d21_1250,362,0.1948,sensitive,0.037925,1.251,0.189625,True,0.06255,True,0,True,True,15
23_d21_1250,365,0.2163,sensitive,0.037925,1.251,0.189625,True,0.06255,True,0,True,True,15
23_d21_1250,366,0.3006,sensitive,0.037925,1.251,0.189625,True,0.06255,True,0,True,True,15
23_d21_1250,369,0.3308,sensitive,0.037925,1.251,0.189625,True,0.06255,True,0,True,True,15
23_d21_1250,383,0.4238,sensitive,0.037925,1.251,0.189625,True,0.06255,True,0,True,True,15
23_d21_1250,384,0.4533,sensitive,0.037925,1.251,0.189625,True,0.06255,True,0,True,True,15
23_d21_1250,385,0.3132,sensitive,0.037925,1.251,0.189625,True,0.06255,True,0,True,True,15
23_d21_1250,386,0.3051,sensitive,0.037925,1.251,0.189625,True,0.06255,True,0,True,True,15
23_d21_1250,455,0.2858,sensitive,0.037925,1.251,0.189625,True,0.06255,True,0,True,True,15
23_d21_1250,456,1.251,sensitive,0.037925,1.251,0.189625,True,0.06255,True,0,True,True,15
23_d21_1250,472,0.2201,sensitive,0.037925,1.251,0.189625,True,0.06255,True,0,True,True,15
23_d21_1250,473,0.2819,sensitive,0.037925,1.251,0.189625,True,0.06255,True,0,True,True,15
23_d21_1250,484,0.5552,sensitive,0.037925,1.251,0.189625,True,0.06255,True,0,True,True,15
23_d21_1250,485,0.1975,sensitive,0.037925,1.251,0.189625,True,0.06255,True,0,True,True,15
23_d21_1250,486,0.3044,sensitive,0.037925,1.251,0.189625,True,0.06255,True,0,True,True,15
23_d45_1250,455,0.9432,sensitive,0.14785,2.285,0.7392500000000001,True,0.11425000000000002,True,0,True,True,4
23_d45_1250,456,2.285,sensitive,0.14785,2.285,0.7392500000000001,True,0.11425000000000002,True,0,True,True,4
23_d45_1250,484,0.8959999999999999,sensitive,0.14785,2.285,0.7392500000000001,True,0.11425000000000002,True,0,True,True,4
23_d45_1250,486,0.7401,sensitive,0.14785,2.285,0.7392500000000001,True,0.11425000000000002,True,0,True,True,4
24C_d104_200,456,0.615,sensitive,0.007756000000000001,0.7445,0.03878,True,0.037225,True,0,True,True,3
24C_d104_200,484,0.7445,sensitive,0.007756000000000001,0.7445,0.03878,True,0.037225,True,0,True,True,3
24C_d104_200,485,0.06059,sensitive,0.007756000000000001,0.7445,0.03878,True,0.037225,True,0,True,True,3
24C_d32_200,456,0.3989,sensitive,0.004091,1.935,0.020455,True,0.09675,True,0,True,True,4
24C_d32_200,472,0.1404,sensitive,0.004091,1.935,0.020455,True,0.09675,True,0,True,True,4
24C_d32_200,484,1.935,sensitive,0.004091,1.935,0.020455,True,0.09675,True,0,True,True,4
24C_d32_200,485,0.1617,sensitive,0.004091,1.935,0.020455,True,0.09675,True,0,True,True,4
25C_d115_80,444,0.9728,sensitive,0.1499,5.652,0.7495,True,0.2826,True,0,True,True,18
25C_d115_80,445,1.7530000000000001,sensitive,0.1499,5.652,0.7495,True,0.2826,True,0,True,True,18
25C_d115_80,446,2.07,sensitive,0.1499,5.652,0.7495,True,0.2826,True,0,True,True,18
25C_d115_80,447,2.7260000000000004,sensitive,0.1499,5.652,0.7495,True,0.2826,True,0,True,True,18
25C_d115_80,448,2.25,sensitive,0.1499,5.652,0.7495,True,0.2826,True,0,True,True,18
25C_d115_80,449,3.6630000000000003,sensitive,0.1499,5.652,0.7495,True,0.2826,True,0,True,True,18
25C_d115_80,450,2.064,sensitive,0.1499,5.652,0.7495,True,0.2826,True,0,True,True,18
25C_d115_80,452,2.716,sensitive,0.1499,5.652,0.7495,True,0.2826,True,0,True,True,18
25C_d115_80,456,5.652,sensitive,0.1499,5.652,0.7495,True,0.2826,True,0,True,True,18
25C_d115_80,472,1.135,sensitive,0.1499,5.652,0.7495,True,0.2826,True,0,True,True,18
25C_d115_80,473,1.122,sensitive,0.1499,5.652,0.7495,True,0.2826,True,0,True,True,18
25C_d115_80,484,4.977,sensitive,0.1499,5.652,0.7495,True,0.2826,True,0,True,True,18
25C_d115_80,485,1.0070000000000001,sensitive,0.1499,5.652,0.7495,True,0.2826,True,0,True,True,18
25C_d115_80,490,1.6540000000000001,sensitive,0.1499,5.652,0.7495,True,0.2826,True,0,True,True,18
25C_d115_80,494,1.215,sensitive,0.1499,5.652,0.7495,True,0.2826,True,0,True,True,18
25C_d115_80,496,1.281,sensitive,0.1499,5.652,0.7495,True,0.2826,True,0,True,True,18
25C_d115_80,501,0.9038,sensitive,0.1499,5.652,0.7495,True,0.2826,True,0,True,True,18
25C_d115_80,503,0.7735,sensitive,0.1499,5.652,0.7495,True,0.2826,True,0,True,True,18
25C_d48_200,361,0.3428,sensitive,0.05845,4.742,0.29225,True,0.2371,True,0,True,True,13
25C_d48_200,406,0.3081,sensitive,0.05845,4.742,0.29225,True,0.2371,True,0,True,True,13
25C_d48_200,447,0.5055,sensitive,0.05845,4.742,0.29225,True,0.2371,True,0,True,True,13
25C_d48_200,448,0.3886,sensitive,0.05845,4.742,0.29225,True,0.2371,True,0,True,True,13
25C_d48_200,449,0.8440000000000001,sensitive,0.05845,4.742,0.29225,True,0.2371,True,0,True,True,13
25C_d48_200,450,0.5942,sensitive,0.05845,4.742,0.29225,True,0.2371,True,0,True,True,13
25C_d48_200,452,0.4509,sensitive,0.05845,4.742,0.29225,True,0.2371,True,0,True,True,13
25C_d48_200,456,4.742,sensitive,0.05845,4.742,0.29225,True,0.2371,True,0,True,True,13
25C_d48_200,472,0.6593,sensitive,0.05845,4.742,0.29225,True,0.2371,True,0,True,True,13
25C_d48_200,473,0.5914,sensitive,0.05845,4.742,0.29225,True,0.2371,True,0,True,True,13
25C_d48_200,484,4.149,sensitive,0.05845,4.742,0.29225,True,0.2371,True,0,True,True,13
25C_d48_200,485,0.6705,sensitive,0.05845,4.742,0.29225,True,0.2371,True,0,True,True,13
25C_d48_200,503,0.3822,sensitive,0.05845,4.742,0.29225,True,0.2371,True,0,True,True,13
25_d18_500,361,0.4024,sensitive,0.073295,5.417999999999999,0.366475,True,0.2709,True,0,True,True,21
25_d18_500,369,0.3726,sensitive,0.073295,5.417999999999999,0.366475,True,0.2709,True,0,True,True,21
25_d18_500,439,0.6198,sensitive,0.073295,5.417999999999999,0.366475,True,0.2709,True,0,True,True,21
25_d18_500,443,1.298,sensitive,0.073295,5.417999999999999,0.366475,True,0.2709,True,0,True,True,21
25_d18_500,444,3.0660000000000003,sensitive,0.073295,5.417999999999999,0.366475,True,0.2709,True,0,True,True,21
25_d18_500,445,3.0789999999999997,sensitive,0.073295,5.417999999999999,0.366475,True,0.2709,True,0,True,True,21
25_d18_500,446,5.147,sensitive,0.073295,5.417999999999999,0.366475,True,0.2709,True,0,True,True,21
25_d18_500,447,5.417999999999999,sensitive,0.073295,5.417999999999999,0.366475,True,0.2709,True,0,True,True,21
25_d18_500,448,2.5639999999999996,sensitive,0.073295,5.417999999999999,0.366475,True,0.2709,True,0,True,True,21
25_d18_500,449,2.802,sensitive,0.073295,5.417999999999999,0.366475,True,0.2709,True,0,True,True,21
25_d18_500,450,2.021,sensitive,0.073295,5.417999999999999,0.366475,True,0.2709,True,0,True,True,21
25_d18_500,452,0.4934,sensitive,0.073295,5.417999999999999,0.366475,True,0.2709,True,0,True,True,21
25_d18_500,456,2.1319999999999997,sensitive,0.073295,5.417999999999999,0.366475,True,0.2709,True,0,True,True,21
25_d18_500,484,2.7910000000000004,sensitive,0.073295,5.417999999999999,0.366475,True,0.2709,True,0,True,True,21
25_d18_500,494,0.4123,sensitive,0.073295,5.417999999999999,0.366475,True,0.2709,True,0,True,True,21
25_d18_500,496,0.6552,sensitive,0.073295,5.417999999999999,0.366475,True,0.2709,True,0,True,True,21
25_d18_500,498,0.7159,sensitive,0.073295,5.417999999999999,0.366475,True,0.2709,True,0,True,True,21
25_d18_500,499,2.9730000000000003,sensitive,0.073295,5.417999999999999,0.366475,True,0.2709,True,0,True,True,21
25_d18_500,500,0.3976,sensitive,0.073295,5.417999999999999,0.366475,True,0.2709,True,0,True,True,21
25_d18_500,501,0.6856,sensitive,0.073295,5.417999999999999,0.366475,True,0.2709,True,0,True,True,21
25_d18_500,503,0.4481,sensitive,0.073295,5.417999999999999,0.366475,True,0.2709,True,0,True,True,21
6C_d33_500,369,0.4758,sensitive,0.061450000000000005,1.432,0.30725,True,0.0716,True,0,True,True,3
6C_d33_500,456,1.432,sensitive,0.061450000000000005,1.432,0.30725,True,0.0716,True,0,True,True,3
6C_d33_500,484,0.6148,sensitive,0.061450000000000005,1.432,0.30725,True,0.0716,True,0,True,True,3
6C_d76_500,456,0.1029,sensitive,0.008812500000000001,0.1029,0.044062500000000004,True,0.005145,True,0,True,True,1
7C_d103_200,361,0.1543,sensitive,0.026765,0.8185,0.133825,True,0.040925,True,0,True,True,5
7C_d103_200,365,0.1351,sensitive,0.026765,0.8185,0.133825,True,0.040925,True,0,True,True,5
7C_d103_200,369,0.1378,sensitive,0.026765,0.8185,0.133825,True,0.040925,True,0,True,True,5
7C_d103_200,456,0.8185,sensitive,0.026765,0.8185,0.133825,True,0.040925,True,0,True,True,5
7C_d103_200,484,0.2517,sensitive,0.026765,0.8185,0.133825,True,0.040925,True,0,True,True,5
7C_d29_500,336,0.07481,sensitive,0.013784999999999999,0.26,0.06892499999999999,True,0.013000000000000001,True,0,True,True,13
7C_d29_500,361,0.1778,sensitive,0.013784999999999999,0.26,0.06892499999999999,True,0.013000000000000001,True,0,True,True,13
7C_d29_500,362,0.08589,sensitive,0.013784999999999999,0.26,0.06892499999999999,True,0.013000000000000001,True,0,True,True,13
7C_d29_500,365,0.26,sensitive,0.013784999999999999,0.26,0.06892499999999999,True,0.013000000000000001,True,0,True,True,13
7C_d29_500,366,0.1193,sensitive,0.013784999999999999,0.26,0.06892499999999999,True,0.013000000000000001,True,0,True,True,13
7C_d29_500,369,0.1563,sensitive,0.013784999999999999,0.26,0.06892499999999999,True,0.013000000000000001,True,0,True,True,13
7C_d29_500,374,0.09886,sensitive,0.013784999999999999,0.26,0.06892499999999999,True,0.013000000000000001,True,0,True,True,13
7C_d29_500,390,0.07137,sensitive,0.013784999999999999,0.26,0.06892499999999999,True,0.013000000000000001,True,0,True,True,13
7C_d29_500,391,0.1123,sensitive,0.013784999999999999,0.26,0.06892499999999999,True,0.013000000000000001,True,0,True,True,13
7C_d29_500,396,0.1454,sensitive,0.013784999999999999,0.26,0.06892499999999999,True,0.013000000000000001,True,0,True,True,13
7C_d29_500,456,0.2035,sensitive,0.013784999999999999,0.26,0.06892499999999999,True,0.013000000000000001,True,0,True,True,13
7C_d29_500,484,0.1082,sensitive,0.013784999999999999,0.26,0.06892499999999999,True,0.013000000000000001,True,0,True,True,13
7C_d29_500,504,0.07144,sensitive,0.013784999999999999,0.26,0.06892499999999999,True,0.013000000000000001,True,0,True,True,13
CB6_400,405,2.347,sensitive,0.045075000000000004,17.75,0.22537500000000002,True,0.8875000000000001,True,0,True,True,19
CB6_400,415,1.012,sensitive,0.045075000000000004,17.75,0.22537500000000002,True,0.8875000000000001,True,0,True,True,19
CB6_400,417,17.75,sensitive,0.045075000000000004,17.75,0.22537500000000002,True,0.8875000000000001,True,0,True,True,19
CB6_400,420,7.7860000000000005,sensitive,0.045075000000000004,17.75,0.22537500000000002,True,0.8875000000000001,True,0,True,True,19
CB6_400,421,1.946,sensitive,0.045075000000000004,17.75,0.22537500000000002,True,0.8875000000000001,True,0,True,True,19
CB6_400,455,4.498,sensitive,0.045075000000000004,17.75,0.22537500000000002,True,0.8875000000000001,True,0,True,True,19
CB6_400,456,8.737,sensitive,0.045075000000000004,17.75,0.22537500000000002,True,0.8875000000000001,True,0,True,True,19
CB6_400,460,16.0,sensitive,0.045075000000000004,17.75,0.22537500000000002,True,0.8875000000000001,True,0,True,True,19
CB6_400,472,3.883,sensitive,0.045075000000000004,17.75,0.22537500000000002,True,0.8875000000000001,True,0,True,True,19
CB6_400,473,10.3,sensitive,0.045075000000000004,17.75,0.22537500000000002,True,0.8875000000000001,True,0,True,True,19
CB6_400,475,10.32,sensitive,0.045075000000000004,17.75,0.22537500000000002,True,0.8875000000000001,True,0,True,True,19
CB6_400,476,3.616,sensitive,0.045075000000000004,17.75,0.22537500000000002,True,0.8875000000000001,True,0,True,True,19
CB6_400,485,0.9941,sensitive,0.045075000000000004,17.75,0.22537500000000002,True,0.8875000000000001,True,0,True,True,19
CB6_400,486,4.601,sensitive,0.045075000000000004,17.75,0.22537500000000002,True,0.8875000000000001,True,0,True,True,19
CB6_400,487,12.47,sensitive,0.045075000000000004,17.75,0.22537500000000002,True,0.8875000000000001,True,0,True,True,19
CB6_400,489,6.791,sensitive,0.045075000000000004,17.75,0.22537500000000002,True,0.8875000000000001,True,0,True,True,19
CB6_400,493,1.0659999999999998,sensitive,0.045075000000000004,17.75,0.22537500000000002,True,0.8875000000000001,True,0,True,True,19
CB6_400,501,1.579,sensitive,0.045075000000000004,17.75,0.22537500000000002,True,0.8875000000000001,True,0,True,True,19
CB6_400,504,6.58,sensitive,0.045075000000000004,17.75,0.22537500000000002,True,0.8875000000000001,True,0,True,True,19
COV2-2050_400,484,4.828,sensitive,0.016395,4.828,0.08197499999999999,True,0.24140000000000003,True,0,True,True,4
COV2-2050_400,485,0.3887,sensitive,0.016395,4.828,0.08197499999999999,True,0.24140000000000003,True,0,True,True,4
COV2-2050_400,489,0.5929,sensitive,0.016395,4.828,0.08197499999999999,True,0.24140000000000003,True,0,True,True,4
COV2-2050_400,490,1.082,sensitive,0.016395,4.828,0.08197499999999999,True,0.24140000000000003,True,0,True,True,4
COV2-2082_400,376,1.272,sensitive,0.03875,2.6919999999999997,0.19375,True,0.1346,True,0,True,True,4
COV2-2082_400,378,2.6919999999999997,sensitive,0.03875,2.6919999999999997,0.19375,True,0.1346,True,0,True,True,4
COV2-2082_400,408,0.4147,sensitive,0.03875,2.6919999999999997,0.19375,True,0.1346,True,0,True,True,4
COV2-2082_400,417,2.237,sensitive,0.03875,2.6919999999999997,0.19375,True,0.1346,True,0,True,True,4
COV2-2094_400,376,0.6524,sensitive,0.019104999999999997,2.4130000000000003,0.09552499999999998,True,0.12065000000000002,True,0,True,True,4
COV2-2094_400,378,2.4130000000000003,sensitive,0.019104999999999997,2.4130000000000003,0.09552499999999998,True,0.12065000000000002,True,0,True,True,4
COV2-2094_400,408,0.2727,sensitive,0.019104999999999997,2.4130000000000003,0.09552499999999998,True,0.12065000000000002,True,0,True,True,4
COV2-2094_400,417,0.5659,sensitive,0.019104999999999997,2.4130000000000003,0.09552499999999998,True,0.12065000000000002,True,0,True,True,4
COV2-2096_400,346,0.2593,sensitive,0.020275,4.245,0.101375,True,0.21225000000000002,True,0,True,True,10
COV2-2096_400,446,0.8731,sensitive,0.020275,4.245,0.101375,True,0.21225000000000002,True,0,True,True,10
COV2-2096_400,447,1.265,sensitive,0.020275,4.245,0.101375,True,0.21225000000000002,True,0,True,True,10
COV2-2096_400,448,1.351,sensitive,0.020275,4.245,0.101375,True,0.21225000000000002,True,0,True,True,10
COV2-2096_400,449,0.6289,sensitive,0.020275,4.245,0.101375,True,0.21225000000000002,True,0,True,True,10
COV2-2096_400,450,2.0380000000000003,sensitive,0.020275,4.245,0.101375,True,0.21225000000000002,True,0,True,True,10
COV2-2096_400,452,2.269,sensitive,0.020275,4.245,0.101375,True,0.21225000000000002,True,0,True,True,10
COV2-2096_400,484,0.7701,sensitive,0.020275,4.245,0.101375,True,0.21225000000000002,True,0,True,True,10
COV2-2096_400,490,4.245,sensitive,0.020275,4.245,0.101375,True,0.21225000000000002,True,0,True,True,10
COV2-2096_400,494,0.4363,sensitive,0.020275,4.245,0.101375,True,0.21225000000000002,True,0,True,True,10
COV2-2165_400,420,0.4989,sensitive,0.02489,0.6072,0.12444999999999999,True,0.030359999999999998,True,0,True,True,4
COV2-2165_400,456,0.1889,sensitive,0.02489,0.6072,0.12444999999999999,True,0.030359999999999998,True,0,True,True,4
COV2-2165_400,475,0.3063,sensitive,0.02489,0.6072,0.12444999999999999,True,0.030359999999999998,True,0,True,True,4
COV2-2165_400,487,0.6072,sensitive,0.02489,0.6072,0.12444999999999999,True,0.030359999999999998,True,0,True,True,4
COV2-2479_400,369,0.062279999999999995,sensitive,0.010041999999999999,0.914,0.05020999999999999,True,0.045700000000000005,True,0,True,True,7
COV2-2479_400,472,0.07779,sensitive,0.010041999999999999,0.914,0.05020999999999999,True,0.045700000000000005,True,0,True,True,7
COV2-2479_400,483,0.0801,sensitive,0.010041999999999999,0.914,0.05020999999999999,True,0.045700000000000005,True,0,True,True,7
COV2-2479_400,484,0.914,sensitive,0.010041999999999999,0.914,0.05020999999999999,True,0.045700000000000005,True,0,True,True,7
COV2-2479_400,485,0.1964,sensitive,0.010041999999999999,0.914,0.05020999999999999,True,0.045700000000000005,True,0,True,True,7
COV2-2479_400,490,0.5064,sensitive,0.010041999999999999,0.914,0.05020999999999999,True,0.045700000000000005,True,0,True,True,7
COV2-2479_400,499,0.07674,sensitive,0.010041999999999999,0.914,0.05020999999999999,True,0.045700000000000005,True,0,True,True,7
COV2-2499_400,443,1.858,sensitive,0.036699999999999997,7.4479999999999995,0.1835,True,0.3724,True,0,True,True,11
COV2-2499_400,445,4.622,sensitive,0.036699999999999997,7.4479999999999995,0.1835,True,0.3724,True,0,True,True,11
COV2-2499_400,446,5.867999999999999,sensitive,0.036699999999999997,7.4479999999999995,0.1835,True,0.3724,True,0,True,True,11
COV2-2499_400,447,7.162000000000001,sensitive,0.036699999999999997,7.4479999999999995,0.1835,True,0.3724,True,0,True,True,11
COV2-2499_400,448,0.485,sensitive,0.036699999999999997,7.4479999999999995,0.1835,True,0.3724,True,0,True,True,11
COV2-2499_400,449,1.685,sensitive,0.036699999999999997,7.4479999999999995,0.1835,True,0.3724,True,0,True,True,11
COV2-2499_400,496,7.4479999999999995,sensitive,0.036699999999999997,7.4479999999999995,0.1835,True,0.3724,True,0,True,True,11
COV2-2499_400,498,6.077000000000001,sensitive,0.036699999999999997,7.4479999999999995,0.1835,True,0.3724,True,0,True,True,11
COV2-2499_400,499,1.569,sensitive,0.036699999999999997,7.4479999999999995,0.1835,True,0.3724,True,0,True,True,11
COV2-2499_400,500,4.708,sensitive,0.036699999999999997,7.4479999999999995,0.1835,True,0.3724,True,0,True,True,11
COV2-2499_400,501,0.4765,sensitive,0.036699999999999997,7.4479999999999995,0.1835,True,0.3724,True,0,True,True,11
COV2-2677_400,365,0.1537,sensitive,0.01739,2.552,0.08695,True,0.12760000000000002,True,0,True,True,8
COV2-2677_400,369,0.7347,sensitive,0.01739,2.552,0.08695,True,0.12760000000000002,True,0,True,True,8
COV2-2677_400,370,0.5515,sensitive,0.01739,2.552,0.08695,True,0.12760000000000002,True,0,True,True,8
COV2-2677_400,371,0.2359,sensitive,0.01739,2.552,0.08695,True,0.12760000000000002,True,0,True,True,8
COV2-2677_400,372,0.5102,sensitive,0.01739,2.552,0.08695,True,0.12760000000000002,True,0,True,True,8
COV2-2677_400,374,0.7827,sensitive,0.01739,2.552,0.08695,True,0.12760000000000002,True,0,True,True,8
COV2-2677_400,378,2.552,sensitive,0.01739,2.552,0.08695,True,0.12760000000000002,True,0,True,True,8
COV2-2677_400,384,2.451,sensitive,0.01739,2.552,0.08695,True,0.12760000000000002,True,0,True,True,8
COV2-2832_400,475,0.3511,sensitive,0.024855000000000002,2.875,0.12427500000000001,True,0.14375000000000002,True,0,True,True,5
COV2-2832_400,484,0.4976,sensitive,0.024855000000000002,2.875,0.12427500000000001,True,0.14375000000000002,True,0,True,True,5
COV2-2832_400,485,0.2102,sensitive,0.024855000000000002,2.875,0.12427500000000001,True,0.14375000000000002,True,0,True,True,5
COV2-2832_400,486,2.875,sensitive,0.024855000000000002,2.875,0.12427500000000001,True,0.14375000000000002,True,0,True,True,5
COV2-2832_400,487,1.484,sensitive,0.024855000000000002,2.875,0.12427500000000001,True,0.14375000000000002,True,0,True,True,5
CR3022_400,366,0.6797,sensitive,0.067355,1.524,0.336775,True,0.0762,True,0,True,True,16
CR3022_400,367,0.3753,sensitive,0.067355,1.524,0.336775,True,0.0762,True,0,True,True,16
CR3022_400,369,0.3779,sensitive,0.067355,1.524,0.336775,True,0.0762,True,0,True,True,16
CR3022_400,374,0.4176,sensitive,0.067355,1.524,0.336775,True,0.0762,True,0,True,True,16
CR3022_400,376,0.5205,sensitive,0.067355,1.524,0.336775,True,0.0762,True,0,True,True,16
CR3022_400,377,0.3461,sensitive,0.067355,1.524,0.336775,True,0.0762,True,0,True,True,16
CR3022_400,378,1.524,sensitive,0.067355,1.524,0.336775,True,0.0762,True,0,True,True,16
CR3022_400,382,0.4341,sensitive,0.067355,1.524,0.336775,True,0.0762,True,0,True,True,16
CR3022_400,383,1.359,sensitive,0.067355,1.524,0.336775,True,0.0762,True,0,True,True,16
CR3022_400,384,0.4162,sensitive,0.067355,1.524,0.336775,True,0.0762,True,0,True,True,16
CR3022_400,386,0.7436,sensitive,0.067355,1.524,0.336775,True,0.0762,True,0,True,True,16
CR3022_400,390,0.3979,sensitive,0.067355,1.524,0.336775,True,0.0762,True,0,True,True,16
CR3022_400,392,0.8598,sensitive,0.067355,1.524,0.336775,True,0.0762,True,0,True,True,16
CR3022_400,393,0.5325,sensitive,0.067355,1.524,0.336775,True,0.0762,True,0,True,True,16
CR3022_400,430,0.3895,sensitive,0.067355,1.524,0.336775,True,0.0762,True,0,True,True,16
CR3022_400,434,0.6435,sensitive,0.067355,1.524,0.336775,True,0.0762,True,0,True,True,16
REGN10933+REGN10987_400,406,0.9248,sensitive,0.021695,0.9248,0.10847499999999999,True,0.04624,True,0,True,True,3
REGN10933+REGN10987_400,455,0.2059,sensitive,0.021695,0.9248,0.10847499999999999,True,0.04624,True,0,True,True,3
REGN10933+REGN10987_400,493,0.2968,sensitive,0.021695,0.9248,0.10847499999999999,True,0.04624,True,0,True,True,3
REGN10933_400,417,4.584,sensitive,0.04211,14.37,0.21055000000000001,True,0.7185,True,0,True,True,13
REGN10933_400,453,4.1080000000000005,sensitive,0.04211,14.37,0.21055000000000001,True,0.7185,True,0,True,True,13
REGN10933_400,455,6.856,sensitive,0.04211,14.37,0.21055000000000001,True,0.7185,True,0,True,True,13
REGN10933_400,456,1.4,sensitive,0.04211,14.37,0.21055000000000001,True,0.7185,True,0,True,True,13
REGN10933_400,472,0.7854,sensitive,0.04211,14.37,0.21055000000000001,True,0.7185,True,0,True,True,13
REGN10933_400,475,1.889,sensitive,0.04211,14.37,0.21055000000000001,True,0.7185,True,0,True,True,13
REGN10933_400,476,2.852,sensitive,0.04211,14.37,0.21055000000000001,True,0.7185,True,0,True,True,13
REGN10933_400,484,2.971,sensitive,0.04211,14.37,0.21055000000000001,True,0.7185,True,0,True,True,13
REGN10933_400,485,1.227,sensitive,0.04211,14.37,0.21055000000000001,True,0.7185,True,0,True,True,13
REGN10933_400,486,14.37,sensitive,0.04211,14.37,0.21055000000000001,True,0.7185,True,0,True,True,13
REGN10933_400,487,7.337999999999999,sensitive,0.04211,14.37,0.21055000000000001,True,0.7185,True,0,True,True,13
REGN10933_400,489,5.5360000000000005,sensitive,0.04211,14.37,0.21055000000000001,True,0.7185,True,0,True,True,13
REGN10933_400,493,5.052,sensitive,0.04211,14.37,0.21055000000000001,True,0.7185,True,0,True,True,13
REGN10987_400,439,2.166,sensitive,0.032015,17.39,0.16007500000000002,True,0.8695,True,0,True,True,10
REGN10987_400,440,6.606,sensitive,0.032015,17.39,0.16007500000000002,True,0.8695,True,0,True,True,10
REGN10987_400,443,2.092,sensitive,0.032015,17.39,0.16007500000000002,True,0.8695,True,0,True,True,10
REGN10987_400,444,17.39,sensitive,0.032015,17.39,0.16007500000000002,True,0.8695,True,0,True,True,10
REGN10987_400,445,16.44,sensitive,0.032015,17.39,0.16007500000000002,True,0.8695,True,0,True,True,10
REGN10987_400,446,17.17,sensitive,0.032015,17.39,0.16007500000000002,True,0.8695,True,0,True,True,10
REGN10987_400,447,12.19,sensitive,0.032015,17.39,0.16007500000000002,True,0.8695,True,0,True,True,10
REGN10987_400,448,7.059,sensitive,0.032015,17.39,0.16007500000000002,True,0.8695,True,0,True,True,10
REGN10987_400,450,1.901,sensitive,0.032015,17.39,0.16007500000000002,True,0.8695,True,0,True,True,10
REGN10987_400,499,8.117,sensitive,0.032015,17.39,0.16007500000000002,True,0.8695,True,0,True,True,10
