display_name,serum,mutant,date,ic50,wildtype_ic50,fold_change,NT50,ic50_bound
subject B (day 26),1C_d26,F456K,201106,0.0008706,0.0005999,1.451,1149,interpolated
subject B (day 26),1C_d26,E484P,201106,0.002929,0.0005999,4.882,341.4,interpolated
subject B (day 113),1C_d113,F456K,201106,0.000863,0.002278,0.3788,1159,interpolated
subject B (day 113),1C_d113,E484P,201106,0.004507,0.002278,1.978,221.9,interpolated
subject C (day 32),24C_d32,F456K,201106,7.955e-05,0.0001119,0.7112,1.257e+04,interpolated
subject C (day 32),24C_d32,E484P,201106,0.004713,0.0001119,42.13,212.2,interpolated
subject C (day 104),24C_d104,F456K,201106,0.000347,0.0005559,0.6243,2882,interpolated
subject C (day 104),24C_d104,E484P,201106,0.007323,0.0005559,13.17,136.6,interpolated
subject G (day 18),25_d18,G446V,201116,0.0007882,2.426e-05,32.49,1269,interpolated
subject G (day 94),25_d94,G446V,201116,0.004655,0.001858,2.505,214.8,interpolated
subject I (day 26),23C_d26,G446V,201116,0.01133,0.002674,4.237,88.25,interpolated
subject I (day 26),23C_d26,E484Q,201116,0.04967,0.002674,18.57,20.13,interpolated
subject I (day 26),23C_d26,G485R,201116,0.01463,0.002674,5.469,68.37,interpolated
subject I (day 102),23C_d102,G446V,201116,0.004134,0.001677,2.466,241.9,interpolated
subject I (day 102),23C_d102,E484Q,201116,0.03285,0.001677,19.59,30.44,interpolated
subject I (day 102),23C_d102,G485R,201116,0.005069,0.001677,3.023,197.3,interpolated
subject B (day 26),1C_d26,E484Q,201116,0.01199,0.0009267,12.94,83.39,interpolated
subject B (day 113),1C_d113,E484Q,201116,0.01059,0.002245,4.72,94.39,interpolated
subject C (day 32),24C_d32,E484Q,201116,0.004012,0.0001116,35.95,249.2,interpolated
subject C (day 104),24C_d104,E484Q,201116,0.004556,0.0005492,8.295,219.5,interpolated
,CB6,F456A,201116,456.2,30.68,14.87,0.002192,interpolated
,CB6,F456K,201116,1000,30.68,32.59,0.001,lower
,COV2-2165,F456A,201116,1000,100.5,9.945,0.001,lower
,COV2-2165,F456K,201116,1000,100.5,9.945,0.001,lower
,COV2-2082,F456A,201116,140.9,91.01,1.548,0.007097,interpolated
,COV2-2082,F456K,201116,166.7,91.01,1.831,0.006,interpolated
,COV2-2832,F456A,201116,6.685,2.727,2.452,0.1496,interpolated
,COV2-2832,F456K,201116,9.223,2.727,3.382,0.1084,interpolated
subject G (day 94),25_d94,G446V/F456V/E484P,201119,0.003781,0.003129,1.209,264.5,interpolated
subject G (day 94),25_d94,F456V,201119,0.002225,0.003129,0.7112,449.4,interpolated
subject G (day 94),25_d94,E484P,201119,0.001728,0.003129,0.5522,578.8,interpolated
subject K (day 29),7C_d29,F456V,201119,0.00127,0.001514,0.8389,787.3,interpolated
subject K (day 29),7C_d29,F456A,201119,0.000782,0.001514,0.5165,1279,interpolated
subject K (day 103),7C_d103,F456V,201119,0.001986,0.002893,0.6867,503.4,interpolated
subject K (day 103),7C_d103,F456A,201119,0.003018,0.002893,1.043,331.3,interpolated
subject G (day 18),25_d18,E484P,201119,0.0002479,4.524e-05,5.48,4034,interpolated
subject C (day 32),24C_d32,F456A,201119,0.0001167,0.0001341,0.8699,8572,interpolated
subject K (day 29),7C_d29,E484P,201221,0.008328,0.005511,1.511,120.1,interpolated
subject K (day 103),7C_d103,E484P,201221,0.008925,0.004706,1.896,112,interpolated
subject E (day 28),22C_d28,S494P,201221,0.00185,0.00104,1.779,540.6,interpolated
subject E (day 28),22C_d28,E484Q,201221,0.001043,0.00104,1.003,959.2,interpolated
subject E (day 104),22C_d104,S494P,201221,0.008091,0.00312,2.593,123.6,interpolated
subject E (day 104),22C_d104,E484Q,201221,0.001727,0.00312,0.5536,579,interpolated
subject I (day 26),23C_d26,S494P,201221,0.007241,0.005194,1.394,138.1,interpolated
subject I (day 102),23C_d102,S494P,201221,0.006117,0.001977,3.093,163.5,interpolated
subject J (day 15),13_d15,E484P,201221,0.0007943,0.0008493,0.9352,1259,interpolated
subject J (day 15),13_d15,P384L,201221,0.0009092,0.0008493,1.071,1100,interpolated
subject J (day 121),13_d121,E484P,201221,0.002317,0.001435,1.615,431.7,interpolated
subject J (day 121),13_d121,P384L,201221,0.001336,0.001435,0.9309,748.8,interpolated
subject A (day 21),23_d21,E484Q,201221,8.666e-05,7.462e-05,1.161,1.154e+04,interpolated
subject A (day 21),23_d21,P384L,201221,7.522e-05,7.462e-05,1.008,1.329e+04,interpolated
subject A (day 120),23_d120,E484Q,201221,0.0003288,0.0005356,0.6138,3042,interpolated
subject A (day 120),23_d120,P384L,201221,0.0007981,0.0005356,1.49,1253,interpolated
subject B (day 26),1C_d26,E484K,201224,0.008263,0.0006462,12.79,121,interpolated
subject I (day 26),23C_d26,E484K,201224,0.025,0.00423,5.91,40,lower
subject G (day 18),25_d18,E484K,201224,3.931e-05,3.172e-05,1.239,2.544e+04,interpolated
subject C (day 32),24C_d32,E484K,210115,0.01337,0.0001162,115.1,74.79,interpolated
subject C (day 104),24C_d104,E484K,210115,0.01537,0.000646,23.8,65.04,interpolated
