isite,site,wildtype,mutant,count,n_countries,frequency
147,477,S,N,10676,50,0.0591320723365366
109,439,N,K,2242,19,0.01241795674208646
190,520,A,S,332,17,0.001838876734332161
123,453,Y,F,330,7,0.001827799163643413
171,501,N,Y,210,5,0.0011631449223185356
192,522,A,S,112,12,0.0006203439585698857
148,478,T,I,109,3,0.0006037276025367637
52,382,V,L,105,13,0.0005815724611592678
149,479,P,S,104,3,0.0005760336758148938
192,522,A,V,104,13,0.0005760336758148938
147,477,S,I,94,8,0.0005206458223711541
37,367,V,F,87,19,0.00048187432496053616
164,494,S,P,85,13,0.0004707967542717882
14,344,A,S,76,10,0.0004209476861724224
54,384,P,L,66,11,0.0003655598327286826
153,483,V,A,50,3,0.00027693926721869896
153,483,V,F,49,8,0.000271400481874325
199,529,K,R,35,5,0.00019385748705308926
55,385,T,I,34,5,0.00018831870170871529
125,455,L,F,33,7,0.0001827799163643413
11,341,V,I,33,4,0.0001827799163643413
155,485,G,R,32,3,0.00017724113101996733
129,459,S,Y,32,6,0.00017724113101996733
154,484,E,Q,29,10,0.0001606247749868454
116,446,G,V,29,12,0.0001606247749868454
110,440,N,K,29,7,0.0001606247749868454
154,484,E,K,27,11,0.00014954720429809744
146,476,G,S,26,8,0.00014400841895372346
178,508,Y,H,24,8,0.0001329308482649755
78,408,R,I,22,5,0.00012185327757622753
147,477,S,R,22,5,0.00012185327757622753
145,475,A,V,22,7,0.00012185327757622753
54,384,P,S,20,8,0.00011077570688747958
114,444,K,R,19,3,0.0001052369215431056
22,352,A,S,19,7,0.0001052369215431056
18,348,A,S,19,9,0.0001052369215431056
40,370,N,S,18,2,9.969813619873162e-05
191,521,P,R,17,5,9.415935085435764e-05
9,339,G,D,16,3,8.862056550998366e-05
29,359,S,N,16,4,8.862056550998366e-05
156,486,F,L,15,3,8.308178016560969e-05
81,411,A,S,15,4,8.308178016560969e-05
43,373,S,L,14,7,7.754299482123571e-05
151,481,N,D,13,2,7.200420947686173e-05
24,354,N,S,13,3,7.200420947686173e-05
191,521,P,S,12,4,6.646542413248775e-05
140,470,T,A,12,2,6.646542413248775e-05
73,403,R,K,12,2,6.646542413248775e-05
24,354,N,D,12,4,6.646542413248775e-05
16,346,R,K,12,7,6.646542413248775e-05
176,506,Q,K,11,1,6.092663878811377e-05
84,414,Q,K,11,4,6.092663878811377e-05
175,505,Y,W,11,1,6.092663878811377e-05
163,493,Q,L,10,2,5.538785344373979e-05
72,402,I,V,10,3,5.538785344373979e-05
46,376,T,I,10,4,5.538785344373979e-05
122,452,L,M,10,5,5.538785344373979e-05
171,501,N,T,10,4,5.538785344373979e-05
84,414,Q,R,10,3,5.538785344373979e-05
160,490,F,S,10,1,5.538785344373979e-05
37,367,V,I,10,2,5.538785344373979e-05
133,463,P,S,10,3,5.538785344373979e-05
148,478,T,K,9,2,4.984906809936581e-05
16,346,R,S,9,1,4.984906809936581e-05
122,452,L,R,9,4,4.984906809936581e-05
138,468,I,V,8,4,4.431028275499183e-05
160,490,F,L,8,5,4.431028275499183e-05
138,468,I,T,8,7,4.431028275499183e-05
97,427,D,G,8,1,4.431028275499183e-05
187,517,L,F,8,5,4.431028275499183e-05
142,472,I,V,8,2,4.431028275499183e-05
37,367,V,L,7,3,3.8771497410617854e-05
14,344,A,T,7,5,3.8771497410617854e-05
141,471,E,Q,7,2,3.8771497410617854e-05
116,446,G,S,7,5,3.8771497410617854e-05
120,450,N,K,7,4,3.8771497410617854e-05
114,444,K,N,7,3,3.8771497410617854e-05
47,377,F,L,6,1,3.3232712066243876e-05
87,417,K,N,6,3,3.3232712066243876e-05
190,520,A,V,6,3,3.3232712066243876e-05
186,516,E,Q,6,4,3.3232712066243876e-05
199,529,K,M,6,1,3.3232712066243876e-05
154,484,E,A,6,3,3.3232712066243876e-05
48,378,K,N,6,1,3.3232712066243876e-05
24,354,N,K,6,4,3.3232712066243876e-05
105,435,A,S,6,6,3.3232712066243876e-05
149,479,P,L,5,2,2.7693926721869894e-05
8,338,F,L,5,2,2.7693926721869894e-05
80,410,I,V,5,2,2.7693926721869894e-05
152,482,G,S,5,3,2.7693926721869894e-05
5,335,L,F,5,3,2.7693926721869894e-05
10,340,E,K,5,1,2.7693926721869894e-05
164,494,S,L,5,3,2.7693926721869894e-05
27,357,R,K,5,3,2.7693926721869894e-05
32,362,V,F,5,2,2.7693926721869894e-05
31,361,C,T,5,3,2.7693926721869894e-05
141,471,E,G,5,2,2.7693926721869894e-05
171,501,N,S,5,2,2.7693926721869894e-05
4,334,N,K,4,1,2.2155141377495916e-05
173,503,V,F,4,3,2.2155141377495916e-05
153,483,V,L,4,2,2.2155141377495916e-05
89,419,A,S,4,3,2.2155141377495916e-05
97,427,D,Y,4,2,2.2155141377495916e-05
140,470,T,N,4,4,2.2155141377495916e-05
151,481,N,K,4,3,2.2155141377495916e-05
22,352,A,V,4,2,2.2155141377495916e-05
199,529,K,N,4,3,2.2155141377495916e-05
184,514,S,F,4,2,2.2155141377495916e-05
76,406,E,Q,4,3,2.2155141377495916e-05
26,356,K,R,4,3,2.2155141377495916e-05
41,371,S,P,4,2,2.2155141377495916e-05
18,348,A,V,4,1,2.2155141377495916e-05
66,396,Y,H,4,2,2.2155141377495916e-05
122,452,L,Q,3,3,1.6616356033121938e-05
120,450,N,D,3,1,1.6616356033121938e-05
183,513,L,F,3,2,1.6616356033121938e-05
40,370,N,K,3,1,1.6616356033121938e-05
42,372,A,V,3,2,1.6616356033121938e-05
154,484,E,D,3,3,1.6616356033121938e-05
147,477,S,G,3,3,1.6616356033121938e-05
129,459,S,F,3,3,1.6616356033121938e-05
188,518,L,I,3,1,1.6616356033121938e-05
153,483,V,I,3,1,1.6616356033121938e-05
192,522,A,P,3,3,1.6616356033121938e-05
7,337,P,S,3,2,1.6616356033121938e-05
110,440,N,Y,3,1,1.6616356033121938e-05
192,522,A,G,3,1,1.6616356033121938e-05
78,408,R,K,3,3,1.6616356033121938e-05
138,468,I,F,3,3,1.6616356033121938e-05
115,445,V,F,2,2,1.1077570688747958e-05
116,446,G,A,2,2,1.1077570688747958e-05
43,373,S,P,2,2,1.1077570688747958e-05
163,493,Q,K,2,1,1.1077570688747958e-05
115,445,V,A,2,2,1.1077570688747958e-05
115,445,V,I,2,1,1.1077570688747958e-05
19,349,S,F,2,2,1.1077570688747958e-05
42,372,A,T,2,1,1.1077570688747958e-05
198,528,K,R,2,1,1.1077570688747958e-05
45,375,S,P,2,1,1.1077570688747958e-05
40,370,N,D,2,1,1.1077570688747958e-05
126,456,F,L,2,2,1.1077570688747958e-05
127,457,R,K,2,2,1.1077570688747958e-05
128,458,K,N,2,2,1.1077570688747958e-05
36,366,S,L,2,1,1.1077570688747958e-05
159,489,Y,H,2,2,1.1077570688747958e-05
130,460,N,S,2,1,1.1077570688747958e-05
130,460,N,T,2,2,1.1077570688747958e-05
26,356,K,N,2,2,1.1077570688747958e-05
35,365,Y,H,2,1,1.1077570688747958e-05
155,485,G,S,2,2,1.1077570688747958e-05
44,374,F,L,2,1,1.1077570688747958e-05
138,468,I,L,2,1,1.1077570688747958e-05
189,519,H,Q,2,2,1.1077570688747958e-05
10,340,E,G,2,1,1.1077570688747958e-05
78,408,R,G,2,1,1.1077570688747958e-05
76,406,E,D,2,2,1.1077570688747958e-05
78,408,R,T,2,1,1.1077570688747958e-05
200,530,S,T,2,1,1.1077570688747958e-05
72,402,I,L,2,1,1.1077570688747958e-05
9,339,G,S,2,2,1.1077570688747958e-05
81,411,A,T,2,2,1.1077570688747958e-05
174,504,G,D,2,2,1.1077570688747958e-05
83,413,G,E,2,2,1.1077570688747958e-05
148,478,T,R,2,1,1.1077570688747958e-05
173,503,V,I,2,2,1.1077570688747958e-05
19,349,S,P,2,2,1.1077570688747958e-05
69,399,S,P,2,2,1.1077570688747958e-05
10,340,E,A,2,1,1.1077570688747958e-05
83,413,G,W,2,1,1.1077570688747958e-05
65,395,V,L,2,1,1.1077570688747958e-05
65,395,V,I,2,1,1.1077570688747958e-05
55,385,T,A,2,1,1.1077570688747958e-05
18,348,A,T,2,2,1.1077570688747958e-05
146,476,G,A,2,2,1.1077570688747958e-05
16,346,R,T,2,1,1.1077570688747958e-05
100,430,T,I,2,2,1.1077570688747958e-05
100,430,T,A,2,2,1.1077570688747958e-05
97,427,D,N,2,2,1.1077570688747958e-05
15,345,T,I,2,2,1.1077570688747958e-05
147,477,S,T,2,2,1.1077570688747958e-05
148,478,T,A,2,1,1.1077570688747958e-05
195,525,C,W,1,1,5.538785344373979e-06
199,529,K,E,1,1,5.538785344373979e-06
194,524,V,L,1,1,5.538785344373979e-06
198,528,K,E,1,1,5.538785344373979e-06
154,484,E,R,1,1,5.538785344373979e-06
200,530,S,F,1,1,5.538785344373979e-06
199,529,K,I,1,1,5.538785344373979e-06
193,523,T,N,1,1,5.538785344373979e-06
178,508,Y,S,1,1,5.538785344373979e-06
161,491,P,L,1,1,5.538785344373979e-06
156,486,F,I,1,1,5.538785344373979e-06
157,487,N,H,1,1,5.538785344373979e-06
179,509,R,K,1,1,5.538785344373979e-06
179,509,R,T,1,1,5.538785344373979e-06
180,510,V,E,1,1,5.538785344373979e-06
180,510,V,L,1,1,5.538785344373979e-06
173,503,V,L,1,1,5.538785344373979e-06
182,512,V,A,1,1,5.538785344373979e-06
172,502,G,C,1,1,5.538785344373979e-06
182,512,V,L,1,1,5.538785344373979e-06
170,500,T,P,1,1,5.538785344373979e-06
169,499,P,S,1,1,5.538785344373979e-06
169,499,P,R,1,1,5.538785344373979e-06
184,514,S,Y,1,1,5.538785344373979e-06
186,516,E,V,1,1,5.538785344373979e-06
169,499,P,H,1,1,5.538785344373979e-06
168,498,Q,P,1,1,5.538785344373979e-06
187,517,L,I,1,1,5.538785344373979e-06
165,495,Y,S,1,1,5.538785344373979e-06
189,519,H,N,1,1,5.538785344373979e-06
189,519,H,P,1,1,5.538785344373979e-06
164,494,S,A,1,1,5.538785344373979e-06
163,493,Q,R,1,1,5.538785344373979e-06
161,491,P,R,1,1,5.538785344373979e-06
191,521,P,L,1,1,5.538785344373979e-06
191,521,P,T,1,1,5.538785344373979e-06
192,522,A,E,1,1,5.538785344373979e-06
158,488,C,W,1,1,5.538785344373979e-06
158,488,C,R,1,1,5.538785344373979e-06
157,487,N,K,1,1,5.538785344373979e-06
157,487,N,I,1,1,5.538785344373979e-06
176,506,Q,P,1,1,5.538785344373979e-06
3,333,T,I,1,1,5.538785344373979e-06
150,480,C,W,1,1,5.538785344373979e-06
42,372,A,S,1,1,5.538785344373979e-06
49,379,C,F,1,1,5.538785344373979e-06
50,380,Y,N,1,1,5.538785344373979e-06
52,382,V,E,1,1,5.538785344373979e-06
52,382,V,M,1,1,5.538785344373979e-06
55,385,T,N,1,1,5.538785344373979e-06
58,388,N,S,1,1,5.538785344373979e-06
58,388,N,T,1,1,5.538785344373979e-06
59,389,D,E,1,1,5.538785344373979e-06
60,390,L,H,1,1,5.538785344373979e-06
60,390,L,P,1,1,5.538785344373979e-06
63,393,T,P,1,1,5.538785344373979e-06
64,394,N,Y,1,1,5.538785344373979e-06
66,396,Y,F,1,1,5.538785344373979e-06
72,402,I,F,1,1,5.538785344373979e-06
73,403,R,S,1,1,5.538785344373979e-06
74,404,G,A,1,1,5.538785344373979e-06
74,404,G,C,1,1,5.538785344373979e-06
77,407,V,A,1,1,5.538785344373979e-06
77,407,V,I,1,1,5.538785344373979e-06
48,378,K,R,1,1,5.538785344373979e-06
42,372,A,P,1,1,5.538785344373979e-06
79,409,Q,H,1,1,5.538785344373979e-06
39,369,Y,C,1,1,5.538785344373979e-06
7,337,P,L,1,1,5.538785344373979e-06
7,337,P,R,1,1,5.538785344373979e-06
7,337,P,T,1,1,5.538785344373979e-06
12,342,F,C,1,1,5.538785344373979e-06
14,344,A,V,1,1,5.538785344373979e-06
15,345,T,S,1,1,5.538785344373979e-06
16,346,R,I,1,1,5.538785344373979e-06
23,353,W,L,1,1,5.538785344373979e-06
23,353,W,R,1,1,5.538785344373979e-06
23,353,W,S,1,1,5.538785344373979e-06
25,355,R,S,1,1,5.538785344373979e-06
28,358,I,L,1,1,5.538785344373979e-06
28,358,I,T,1,1,5.538785344373979e-06
28,358,I,V,1,1,5.538785344373979e-06
34,364,D,N,1,1,5.538785344373979e-06
34,364,D,Y,1,1,5.538785344373979e-06
35,365,Y,S,1,1,5.538785344373979e-06
37,367,V,A,1,1,5.538785344373979e-06
38,368,L,P,1,1,5.538785344373979e-06
79,409,Q,E,1,1,5.538785344373979e-06
81,411,A,D,1,1,5.538785344373979e-06
150,480,C,F,1,1,5.538785344373979e-06
127,457,R,T,1,1,5.538785344373979e-06
130,460,N,I,1,1,5.538785344373979e-06
130,460,N,K,1,1,5.538785344373979e-06
131,461,L,F,1,1,5.538785344373979e-06
132,462,K,N,1,1,5.538785344373979e-06
133,463,P,L,1,1,5.538785344373979e-06
133,463,P,R,1,1,5.538785344373979e-06
135,465,E,D,1,1,5.538785344373979e-06
137,467,D,N,1,1,5.538785344373979e-06
137,467,D,V,1,1,5.538785344373979e-06
139,469,S,A,1,1,5.538785344373979e-06
139,469,S,P,1,1,5.538785344373979e-06
140,470,T,I,1,1,5.538785344373979e-06
141,471,E,A,1,1,5.538785344373979e-06
141,471,E,D,1,1,5.538785344373979e-06
143,473,Y,F,1,1,5.538785344373979e-06
144,474,Q,H,1,1,5.538785344373979e-06
145,475,A,S,1,1,5.538785344373979e-06
146,476,G,F,1,1,5.538785344373979e-06
149,479,P,H,1,1,5.538785344373979e-06
128,458,K,R,1,1,5.538785344373979e-06
122,452,L,P,1,1,5.538785344373979e-06
83,413,G,A,1,1,5.538785344373979e-06
119,449,Y,F,1,1,5.538785344373979e-06
83,413,G,R,1,1,5.538785344373979e-06
83,413,G,V,1,1,5.538785344373979e-06
84,414,Q,P,1,1,5.538785344373979e-06
85,415,T,I,1,1,5.538785344373979e-06
85,415,T,N,1,1,5.538785344373979e-06
85,415,T,S,1,1,5.538785344373979e-06
87,417,K,R,1,1,5.538785344373979e-06
88,418,I,V,1,1,5.538785344373979e-06
89,419,A,V,1,1,5.538785344373979e-06
96,426,P,T,1,1,5.538785344373979e-06
98,428,D,V,1,1,5.538785344373979e-06
102,432,C,F,1,1,5.538785344373979e-06
107,437,N,I,1,1,5.538785344373979e-06
110,440,N,D,1,1,5.538785344373979e-06
110,440,N,S,1,1,5.538785344373979e-06
110,440,N,T,1,1,5.538785344373979e-06
111,441,L,F,1,1,5.538785344373979e-06
111,441,L,I,1,1,5.538785344373979e-06
118,448,N,K,1,1,5.538785344373979e-06
201,531,T,N,1,1,5.538785344373979e-06
